value,share
1633.7402806615755,13.76415
17339.58386942385,131.93488
5349.340575267415,25.21049
2114.7749963143015,15.34878
18909.664662490806,143.6172
11838.072237507176,78.47506
1957.1223368207989,14.67175
20494.26847494084,151.72984
14039.729277391525,118.36822
